1541769422094;-0.9026415944099426;9.766246795654297;-0.023942748084664345
1541769422094;-0.9026415944099426;9.766246795654297;-0.023942748084664345
1541769422158;-0.9265843629837036;9.790189743041992;0.016759924590587616
1541769422158;-0.9265843629837036;9.790189743041992;0.016759924590587616
1541769422230;-1.0199611186981201;9.876383781433105;0.15562786161899567
1541769422230;-1.0199611186981201;9.876383781433105;0.15562786161899567
1541769422230;-1.0199611186981201;9.876383781433105;0.15562786161899567
1541769422278;-0.84517902135849;9.744698524475098;0.021548472344875336
1541769422278;-0.84517902135849;9.744698524475098;0.021548472344875336
1541769422278;-0.84517902135849;9.744698524475098;0.021548472344875336
1541769422278;-0.84517902135849;9.744698524475098;0.021548472344875336
1541769422356;-0.8403904438018799;9.735121726989746;0.06943397223949432
1541769422356;-0.8403904438018799;9.735121726989746;0.06943397223949432
1541769422356;-0.8403904438018799;9.735121726989746;0.06943397223949432
1541769422423;-1.0774236917495728;9.845257759094238;0.07422251999378204
1541769422452;-0.9696813225746155;9.840469360351562;0.014365648850798607
1541769422452;-0.9696813225746155;9.840469360351562;0.014365648850798607
1541769422452;-0.9696813225746155;9.840469360351562;0.014365648850798607
1541769422452;-0.9696813225746155;9.840469360351562;0.014365648850798607
1541769422515;-0.9385557174682617;9.869200706481934;0.1005595400929451
1541769422515;-0.9385557174682617;9.869200706481934;0.1005595400929451
1541769422515;-0.9385557174682617;9.869200706481934;0.1005595400929451
1541769422577;-1.0965778827667236;9.727938652038574;-0.10774236917495728
1541769422577;-1.0965778827667236;9.727938652038574;-0.10774236917495728
1541769422631;-0.8092648983001709;9.759063720703125;0.1245022863149643
1541769422631;-0.8092648983001709;9.759063720703125;0.1245022863149643
1541769422631;-0.8092648983001709;9.759063720703125;0.1245022863149643
1541769422691;-1.1875603199005127;9.814132690429688;-0.24421602487564087
1541769422691;-1.1875603199005127;9.814132690429688;-0.24421602487564087
1541769422691;-1.1875603199005127;9.814132690429688;-0.24421602487564087
1541769422751;-0.8116591572761536;9.854835510253906;0.3495641350746155
1541769422751;-0.8116591572761536;9.854835510253906;0.3495641350746155
1541769422751;-0.8116591572761536;9.854835510253906;0.3495641350746155
1541769422811;-0.8379961848258972;9.771035194396973;0.08619388937950134
1541769422811;-0.8379961848258972;9.771035194396973;0.08619388937950134
1541769422811;-0.8379961848258972;9.771035194396973;0.08619388937950134
1541769422874;-1.0798178911209106;10.024828910827637;0.4549122154712677
1541769422874;-1.0798178911209106;10.024828910827637;0.4549122154712677
1541769422874;-1.0798178911209106;10.024828910827637;0.4549122154712677
1541769422932;-0.821236252784729;9.806949615478516;0.6057515144348145
1541769422932;-0.821236252784729;9.806949615478516;0.6057515144348145
1541769422932;-0.821236252784729;9.806949615478516;0.6057515144348145
1541769422992;-0.8691217303276062;9.672870635986328;-0.2777358889579773
1541769422992;-0.8691217303276062;9.672870635986328;-0.2777358889579773
1541769422992;-0.8691217303276062;9.672870635986328;-0.2777358889579773
1541769423051;-1.5897984504699707;9.138946533203125;-1.5131816864013672
1541769423051;-1.5897984504699707;9.138946533203125;-1.5131816864013672
1541769423051;-1.5897984504699707;9.138946533203125;-1.5131816864013672
1541769423111;-1.9321798086166382;14.035239219665527;-6.419050693511963
1541769423111;-1.9321798086166382;14.035239219665527;-6.419050693511963
1541769423111;-1.9321798086166382;14.035239219665527;-6.419050693511963
1541769423174;2.1787900924682617;20.392038345336914;-13.424698829650879
1541769423174;2.1787900924682617;20.392038345336914;-13.424698829650879
1541769423174;2.1787900924682617;20.392038345336914;-13.424698829650879
1541769423231;6.610592842102051;7.331269264221191;-15.495746612548828
1541769423231;6.610592842102051;7.331269264221191;-15.495746612548828
1541769423231;6.610592842102051;7.331269264221191;-15.495746612548828
1541769423291;5.731894016265869;-14.006507873535156;-3.8523881435394287
1541769423291;5.731894016265869;-14.006507873535156;-3.8523881435394287
1541769423291;5.731894016265869;-14.006507873535156;-3.8523881435394287
1541769423352;-7.230710029602051;3.3256475925445557;37.05379867553711
1541769423352;-7.230710029602051;3.3256475925445557;37.05379867553711
1541769423411;18.45746421813965;-3.0910086631774902;23.485441207885742
1541769423411;18.45746421813965;-3.0910086631774902;23.485441207885742
1541769423411;18.45746421813965;-3.0910086631774902;23.485441207885742
1541769423411;18.45746421813965;-3.0910086631774902;23.485441207885742
1541769423474;-0.7853221297264099;6.876357078552246;-8.825297355651855
1541769423474;-0.7853221297264099;6.876357078552246;-8.825297355651855
1541769423474;-0.7853221297264099;6.876357078552246;-8.825297355651855
1541769423532;4.896292209625244;5.667248249053955;19.917972564697266
1541769423532;4.896292209625244;5.667248249053955;19.917972564697266
1541769423592;7.2378926277160645;4.604190349578857;1.3671308755874634
1541769423592;7.2378926277160645;4.604190349578857;1.3671308755874634
1541769423592;7.2378926277160645;4.604190349578857;1.3671308755874634
1541769423592;7.2378926277160645;4.604190349578857;1.3671308755874634
1541769423653;4.410254001617432;5.628940105438232;7.688016414642334
1541769423653;4.410254001617432;5.628940105438232;7.688016414642334
1541769423653;4.410254001617432;5.628940105438232;7.688016414642334
1541769423715;4.142095565795898;5.4996490478515625;5.15247917175293
1541769423715;4.142095565795898;5.4996490478515625;5.15247917175293
1541769423776;2.3990633487701416;6.699181079864502;4.374340057373047
1541769423776;2.3990633487701416;6.699181079864502;4.374340057373047
1541769423776;2.3990633487701416;6.699181079864502;4.374340057373047
1541769423832;4.187586784362793;6.81171178817749;7.901106834411621
1541769423832;4.187586784362793;6.81171178817749;7.901106834411621
1541769423894;4.846012115478516;6.373559474945068;7.726325035095215
1541769423894;4.846012115478516;6.373559474945068;7.726325035095215
1541769423894;4.846012115478516;6.373559474945068;7.726325035095215
1541769423953;5.487678050994873;6.040755271911621;6.557918548583984
1541769423953;5.487678050994873;6.040755271911621;6.557918548583984
1541769424016;4.594613552093506;6.7135467529296875;7.091842174530029
1541769424016;4.594613552093506;6.7135467529296875;7.091842174530029
1541769424016;4.594613552093506;6.7135467529296875;7.091842174530029
1541769424095;5.279376029968262;6.387925148010254;6.747066497802734
1541769424095;5.279376029968262;6.387925148010254;6.747066497802734
1541769424132;4.077449798583984;5.166844844818115;5.933012962341309
1541769424132;4.077449798583984;5.166844844818115;5.933012962341309
1541769424132;4.077449798583984;5.166844844818115;5.933012962341309
1541769424194;3.8978793621063232;5.279376029968262;6.25145149230957
1541769424194;3.8978793621063232;5.279376029968262;6.25145149230957
1541769424194;3.8978793621063232;5.279376029968262;6.25145149230957
1541769424252;4.178009510040283;6.079063892364502;7.280989646911621
1541769424252;4.178009510040283;6.079063892364502;7.280989646911621
1541769424252;4.178009510040283;6.079063892364502;7.280989646911621
1541769424312;3.9194278717041016;5.664854049682617;6.57228422164917
1541769424312;3.9194278717041016;5.664854049682617;6.57228422164917
1541769424312;3.9194278717041016;5.664854049682617;6.57228422164917
1541769424312;3.9194278717041016;5.664854049682617;6.57228422164917
1541769424381;3.6656346321105957;5.786962032318115;6.998465061187744
1541769424381;3.6656346321105957;5.786962032318115;6.998465061187744
1541769424433;3.663240432739258;5.9665327072143555;7.477320194244385
1541769424433;3.663240432739258;5.9665327072143555;7.477320194244385
1541769424433;3.663240432739258;5.9665327072143555;7.477320194244385
1541769424433;3.663240432739258;5.9665327072143555;7.477320194244385
1541769424499;4.3264546394348145;6.665660858154297;5.933012962341309
1541769424499;4.3264546394348145;6.665660858154297;5.933012962341309
1541769424552;3.7422516345977783;6.857203006744385;8.312922477722168
1541769424552;3.7422516345977783;6.857203006744385;8.312922477722168
1541769424552;3.7422516345977783;6.857203006744385;8.312922477722168
1541769424612;3.1700198650360107;6.766220569610596;5.399089813232422
1541769424612;3.1700198650360107;6.766220569610596;5.399089813232422
1541769424612;3.1700198650360107;6.766220569610596;5.399089813232422
1541769424674;2.4086403846740723;7.958569526672363;5.825270652770996
1541769424674;2.4086403846740723;7.958569526672363;5.825270652770996
1541769424674;2.4086403846740723;7.958569526672363;5.825270652770996
1541769424735;1.3216396570205688;8.672063827514648;5.779779434204102
1541769424735;1.3216396570205688;8.672063827514648;5.779779434204102
1541769424735;1.3216396570205688;8.672063827514648;5.779779434204102
1541769424797;1.0199611186981201;5.791750907897949;6.969734191894531
1541769424797;1.0199611186981201;5.791750907897949;6.969734191894531
1541769424797;1.0199611186981201;5.791750907897949;6.969734191894531
1541769424797;1.0199611186981201;5.791750907897949;6.969734191894531
1541769424853;0.4022381603717804;4.5108137130737305;7.319298267364502
1541769424853;0.4022381603717804;4.5108137130737305;7.319298267364502
1541769424913;4.134912490844727;3.1460771560668945;0.8379961848258972
1541769424913;4.134912490844727;3.1460771560668945;0.8379961848258972
1541769424913;4.134912490844727;3.1460771560668945;0.8379961848258972
1541769424913;4.134912490844727;3.1460771560668945;0.8379961848258972
1541769424989;0.7877163887023926;6.244268894195557;8.765439987182617
1541769424989;0.7877163887023926;6.244268894195557;8.765439987182617
1541769424989;0.7877163887023926;6.244268894195557;8.765439987182617
1541769425045;-1.2546000480651855;8.207573890686035;12.579520225524902
1541769425045;-1.2546000480651855;8.207573890686035;12.579520225524902
1541769425045;-1.2546000480651855;8.207573890686035;12.579520225524902
1541769425102;-0.9720755815505981;8.051946640014648;5.851607799530029
1541769425102;-0.9720755815505981;8.051946640014648;5.851607799530029
1541769425102;-0.9720755815505981;8.051946640014648;5.851607799530029
1541769425152;-0.011971374042332172;7.553936958312988;3.723097324371338
1541769425152;-0.011971374042332172;7.553936958312988;3.723097324371338
1541769425213;-1.3168511390686035;14.930697441101074;-3.593806505203247
1541769425213;-1.3168511390686035;14.930697441101074;-3.593806505203247
1541769425213;-1.3168511390686035;14.930697441101074;-3.593806505203247
1541769425277;-2.978477954864502;15.613065719604492;-3.3711390495300293
1541769425277;-2.978477954864502;15.613065719604492;-3.3711390495300293
1541769425277;-2.978477954864502;15.613065719604492;-3.3711390495300293
1541769425333;0.7134938836097717;10.245101928710938;-4.788549423217773
1541769425333;0.7134938836097717;10.245101928710938;-4.788549423217773
1541769425333;0.7134938836097717;10.245101928710938;-4.788549423217773
1541769425333;0.7134938836097717;10.245101928710938;-4.788549423217773
1541769425397;-1.5897984504699707;11.715187072753906;-1.9417568445205688
1541769425397;-1.5897984504699707;11.715187072753906;-1.9417568445205688
1541769425452;-0.26337021589279175;10.192427635192871;-4.257020473480225
1541769425452;-0.26337021589279175;10.192427635192871;-4.257020473480225
1541769425452;-0.26337021589279175;10.192427635192871;-4.257020473480225
1541769425513;0.7733507752418518;9.68244743347168;-3.689577579498291
1541769425513;0.7733507752418518;9.68244743347168;-3.689577579498291
1541769425513;0.7733507752418518;9.68244743347168;-3.689577579498291
1541769425576;1.051086664199829;9.78061294555664;-4.546727657318115
1541769425576;1.051086664199829;9.78061294555664;-4.546727657318115
1541769425576;1.051086664199829;9.78061294555664;-4.546727657318115
1541769425632;2.0064022541046143;8.360807418823242;-4.893897533416748
1541769425632;2.0064022541046143;8.360807418823242;-4.893897533416748
1541769425632;2.0064022541046143;8.360807418823242;-4.893897533416748
1541769425699;1.69035804271698;8.193208694458008;-2.693559169769287
1541769425699;1.69035804271698;8.193208694458008;-2.693559169769287
1541769425699;1.69035804271698;8.193208694458008;-2.693559169769287
1541769425752;2.099778890609741;7.905895233154297;-4.022381782531738
1541769425752;2.099778890609741;7.905895233154297;-4.022381782531738
1541769425752;2.099778890609741;7.905895233154297;-4.022381782531738
1541769425812;2.0375277996063232;8.020820617675781;-3.102980136871338
1541769425812;2.0375277996063232;8.020820617675781;-3.102980136871338
1541769425812;2.0375277996063232;8.020820617675781;-3.102980136871338
1541769425872;2.607365369796753;7.836461544036865;-5.322473049163818
1541769425872;2.607365369796753;7.836461544036865;-5.322473049163818
1541769425872;2.607365369796753;7.836461544036865;-5.322473049163818
1541769425932;0.6153286099433899;7.599428176879883;-4.568276405334473
1541769425932;0.6153286099433899;7.599428176879883;-4.568276405334473
1541769425932;0.6153286099433899;7.599428176879883;-4.568276405334473
1541769425932;0.6153286099433899;7.599428176879883;-4.568276405334473
1541769425998;-0.7565908432006836;9.519637107849121;-4.149278163909912
1541769425998;-0.7565908432006836;9.519637107849121;-4.149278163909912
1541769426053;1.5921927690505981;9.866806030273438;-5.286558628082275
1541769426053;1.5921927690505981;9.866806030273438;-5.286558628082275
1541769426053;1.5921927690505981;9.866806030273438;-5.286558628082275
1541769426112;2.3344178199768066;10.774236679077148;-8.209968566894531
1541769426112;2.3344178199768066;10.774236679077148;-8.209968566894531
1541769426112;2.3344178199768066;10.774236679077148;-8.209968566894531
1541769426112;2.3344178199768066;10.774236679077148;-8.209968566894531
1541769426173;8.356019020080566;11.260274887084961;-19.494186401367188
1541769426173;8.356019020080566;11.260274887084961;-19.494186401367188
1541769426233;10.503684043884277;6.146103382110596;-22.628292083740234
1541769426233;10.503684043884277;6.146103382110596;-22.628292083740234
1541769426233;10.503684043884277;6.146103382110596;-22.628292083740234
1541769426298;2.075836181640625;1.4652961492538452;-12.19404125213623
1541769426298;2.075836181640625;1.4652961492538452;-12.19404125213623
1541769426298;2.075836181640625;1.4652961492538452;-12.19404125213623
1541769426352;9.110215187072754;0.7326480746269226;32.382568359375
1541769426352;9.110215187072754;0.7326480746269226;32.382568359375
1541769426352;9.110215187072754;0.7326480746269226;32.382568359375
1541769426414;-57.05556869506836;25.032142639160156;11.432662010192871
1541769426414;-57.05556869506836;25.032142639160156;11.432662010192871
1541769426414;-57.05556869506836;25.032142639160156;11.432662010192871
1541769426414;-57.05556869506836;25.032142639160156;11.432662010192871
1541769426472;33.0888786315918;-8.679245948791504;2.789330244064331
1541769426472;33.0888786315918;-8.679245948791504;2.789330244064331
1541769426546;-8.030397415161133;14.279455184936523;11.394353866577148
1541769426546;-8.030397415161133;14.279455184936523;11.394353866577148
1541769426546;-8.030397415161133;14.279455184936523;11.394353866577148
1541769426606;6.986494064331055;9.727938652038574;0.33519846200942993
1541769426606;6.986494064331055;9.727938652038574;0.33519846200942993
1541769426656;1.4605076313018799;6.390319347381592;7.927443981170654
1541769426656;1.4605076313018799;6.390319347381592;7.927443981170654
1541769426716;2.918621063232422;7.031985282897949;0.9505270719528198
1541769426716;2.918621063232422;7.031985282897949;0.9505270719528198
1541769426716;2.918621063232422;7.031985282897949;0.9505270719528198
1541769426716;2.918621063232422;7.031985282897949;0.9505270719528198
1541769426832;3.3998701572418213;6.510033130645752;5.188393592834473
1541769426832;3.3998701572418213;6.510033130645752;5.188393592834473
1541769426910;3.407052993774414;7.925049781799316;4.53236198425293
1541769426910;3.407052993774414;7.925049781799316;4.53236198425293
1541769426910;3.407052993774414;7.925049781799316;4.53236198425293
1541769426954;0.991229772567749;8.097437858581543;3.876330852508545
1541769426954;0.991229772567749;8.097437858581543;3.876330852508545
1541769426954;0.991229772567749;8.097437858581543;3.876330852508545
1541769427014;2.7653872966766357;7.790970325469971;5.229096412658691
1541769427014;2.7653872966766357;7.790970325469971;5.229096412658691
1541769427071;4.992063045501709;6.256239891052246;5.650488376617432
1541769427071;4.992063045501709;6.256239891052246;5.650488376617432
1541769427071;4.992063045501709;6.256239891052246;5.650488376617432
1541769427131;2.1883671283721924;6.878751754760742;7.020013809204102
1541769427131;2.1883671283721924;6.878751754760742;7.020013809204102
1541769427131;2.1883671283721924;6.878751754760742;7.020013809204102
1541769427194;0.24661029875278473;3.7063374519348145;10.874795913696289
1541769427194;0.24661029875278473;3.7063374519348145;10.874795913696289
1541769427194;0.24661029875278473;3.7063374519348145;10.874795913696289
1541769427252;0.8188419938087463;7.506051540374756;6.486090660095215
1541769427252;0.8188419938087463;7.506051540374756;6.486090660095215
1541769427252;0.8188419938087463;7.506051540374756;6.486090660095215
1541769427314;2.2434353828430176;9.273026466369629;7.467742919921875
1541769427314;2.2434353828430176;9.273026466369629;7.467742919921875
1541769427314;2.2434353828430176;9.273026466369629;7.467742919921875
1541769427372;3.217905282974243;9.917086601257324;7.494080066680908
1541769427372;3.217905282974243;9.917086601257324;7.494080066680908
1541769427372;3.217905282974243;9.917086601257324;7.494080066680908
1541769427372;3.217905282974243;9.917086601257324;7.494080066680908
1541769427434;1.92020845413208;10.003279685974121;4.608979225158691
1541769427434;1.92020845413208;10.003279685974121;4.608979225158691
1541769427434;1.92020845413208;10.003279685974121;4.608979225158691
1541769427508;2.8635525703430176;9.074301719665527;3.5507094860076904
1541769427508;2.8635525703430176;9.074301719665527;3.5507094860076904
1541769427508;2.8635525703430176;9.074301719665527;3.5507094860076904
1541769427556;3.258608102798462;9.694418907165527;2.324840784072876
1541769427556;3.258608102798462;9.694418907165527;2.324840784072876
1541769427613;3.624932050704956;9.514847755432129;-1.2450228929519653
1541769427673;3.1460771560668945;9.689630508422852;-0.6416656374931335
1541769427735;2.3775148391723633;10.048770904541016;-2.0207679271698
1541769427735;2.3775148391723633;10.048770904541016;-2.0207679271698
1541769427735;2.3775148391723633;10.048770904541016;-2.0207679271698
1541769427802;2.3703320026397705;9.814132690429688;-1.314456820487976
1541769427802;2.3703320026397705;9.814132690429688;-1.314456820487976
1541769427853;2.415823221206665;9.73272705078125;-1.2019259929656982
1541769427853;2.415823221206665;9.73272705078125;-1.2019259929656982
1541769427853;2.415823221206665;9.73272705078125;-1.2019259929656982
1541769427853;2.415823221206665;9.73272705078125;-1.2019259929656982
1541769427922;1.0343266725540161;8.964164733886719;-1.7358492612838745
1541769427922;1.0343266725540161;8.964164733886719;-1.7358492612838745
1541769427972;3.1125571727752686;8.123774528503418;-2.236252784729004
1541769427972;3.1125571727752686;8.123774528503418;-2.236252784729004
1541769427972;3.1125571727752686;8.123774528503418;-2.236252784729004
1541769427972;3.1125571727752686;8.123774528503418;-2.236252784729004
1541769428038;3.3998701572418213;8.691217422485352;-1.0271438360214233
1541769428038;3.3998701572418213;8.691217422485352;-1.0271438360214233
1541769428038;3.3998701572418213;8.691217422485352;-1.0271438360214233
1541769428106;4.7262983322143555;9.205986976623535;-1.9273911714553833
1541769428106;4.7262983322143555;9.205986976623535;-1.9273911714553833
1541769428162;4.83164644241333;9.067118644714355;-2.0949904918670654
1541769428162;4.83164644241333;9.067118644714355;-2.0949904918670654
1541769428217;3.814079761505127;8.545166969299316;-2.669616460800171
1541769428217;3.814079761505127;8.545166969299316;-2.669616460800171
1541769428217;3.814079761505127;8.545166969299316;-2.669616460800171
1541769428273;4.082238674163818;7.99208927154541;-2.207521438598633
1541769428273;4.082238674163818;7.99208927154541;-2.207521438598633
1541769428273;4.082238674163818;7.99208927154541;-2.207521438598633
1541769428333;4.436591148376465;7.723930358886719;-2.4301888942718506
1541769428333;4.436591148376465;7.723930358886719;-2.4301888942718506
1541769428333;4.436591148376465;7.723930358886719;-2.4301888942718506
1541769428333;4.436591148376465;7.723930358886719;-2.4301888942718506
1541769428396;5.585843086242676;7.834067344665527;-3.7973198890686035
1541769428396;5.585843086242676;7.834067344665527;-3.7973198890686035
1541769428396;5.585843086242676;7.834067344665527;-3.7973198890686035
1541769428454;9.61061954498291;5.6265459060668945;-6.5220046043396
1541769428454;9.61061954498291;5.6265459060668945;-6.5220046043396
1541769428454;9.61061954498291;5.6265459060668945;-6.5220046043396
1541769428514;7.285778045654297;6.038361072540283;-8.791776657104492
1541769428514;7.285778045654297;6.038361072540283;-8.791776657104492
1541769428514;7.285778045654297;6.038361072540283;-8.791776657104492
1541769428573;5.715134143829346;9.459779739379883;-11.461393356323242
1541769428573;5.715134143829346;9.459779739379883;-11.461393356323242
1541769428573;5.715134143829346;9.459779739379883;-11.461393356323242
1541769428639;3.620143413543701;6.411868095397949;-16.589929580688477
1541769428639;3.620143413543701;6.411868095397949;-16.589929580688477
1541769428639;3.620143413543701;6.411868095397949;-16.589929580688477
1541769428695;1.2976969480514526;2.0040080547332764;7.711959362030029
1541769428695;1.2976969480514526;2.0040080547332764;7.711959362030029
1541769428695;1.2976969480514526;2.0040080547332764;7.711959362030029
1541769428760;1.4916331768035889;-8.135746002197266;30.330673217773438
1541769428760;1.4916331768035889;-8.135746002197266;30.330673217773438
1541769428760;1.4916331768035889;-8.135746002197266;30.330673217773438
1541769428831;-21.85015106201172;27.469514846801758;25.52297019958496
1541769428831;-21.85015106201172;27.469514846801758;25.52297019958496
1541769428872;15.189279556274414;-3.6991546154022217;-5.715134143829346
1541769428872;15.189279556274414;-3.6991546154022217;-5.715134143829346
1541769428872;15.189279556274414;-3.6991546154022217;-5.715134143829346
1541769428872;15.189279556274414;-3.6991546154022217;-5.715134143829346
1541769428940;-2.949746608734131;13.340899467468262;14.88520622253418
1541769429008;4.707144260406494;5.95216703414917;3.7326743602752686
1541769429008;4.707144260406494;5.95216703414917;3.7326743602752686
1541769429052;4.266597747802734;8.138139724731445;6.5220046043396
1541769429052;4.266597747802734;8.138139724731445;6.5220046043396
1541769429052;4.266597747802734;8.138139724731445;6.5220046043396
1541769429052;4.266597747802734;8.138139724731445;6.5220046043396
1541769429120;3.7302801609039307;6.907482624053955;2.36075496673584
1541769429120;3.7302801609039307;6.907482624053955;2.36075496673584
1541769429171;2.971295118331909;6.203566074371338;3.6392977237701416
1541769429171;2.971295118331909;6.203566074371338;3.6392977237701416
1541769429171;2.971295118331909;6.203566074371338;3.6392977237701416
1541769429171;2.971295118331909;6.203566074371338;3.6392977237701416
1541769429235;1.8675343990325928;8.174054145812988;6.344828128814697
1541769429235;1.8675343990325928;8.174054145812988;6.344828128814697
1541769429235;1.8675343990325928;8.174054145812988;6.344828128814697
1541769429307;4.9154462814331055;8.832479476928711;5.6576714515686035
1541769429355;2.269772529602051;7.2666239738464355;4.103786945343018
1541769429355;2.269772529602051;7.2666239738464355;4.103786945343018
1541769429414;1.831620216369629;8.382355690002441;5.573871612548828
1541769429414;1.831620216369629;8.382355690002441;5.573871612548828
1541769429414;1.831620216369629;8.382355690002441;5.573871612548828
1541769429471;3.316070556640625;7.896318435668945;4.395888328552246
1541769429471;3.316070556640625;7.896318435668945;4.395888328552246
1541769429532;2.4732859134674072;8.071100234985352;4.5108137130737305
1541769429532;2.4732859134674072;8.071100234985352;4.5108137130737305
1541769429532;2.4732859134674072;8.071100234985352;4.5108137130737305
1541769429532;2.4732859134674072;8.071100234985352;4.5108137130737305
1541769429596;2.4900457859039307;8.04236888885498;4.877137660980225
1541769429596;2.4900457859039307;8.04236888885498;4.877137660980225
1541769429652;2.48046875;8.317710876464844;4.434196949005127
1541769429652;2.48046875;8.317710876464844;4.434196949005127
1541769429652;2.48046875;8.317710876464844;4.434196949005127
1541769429720;2.753416061401367;8.25306510925293;5.502043724060059
1541769429720;2.753416061401367;8.25306510925293;5.502043724060059
1541769429720;2.753416061401367;8.25306510925293;5.502043724060059
1541769429720;2.753416061401367;8.25306510925293;5.502043724060059
1541769429774;3.533949613571167;7.767027378082275;4.893897533416748
1541769429774;3.533949613571167;7.767027378082275;4.893897533416748
1541769429833;3.035940408706665;8.229122161865234;5.059102535247803
1541769429833;3.035940408706665;8.229122161865234;5.059102535247803
1541769429833;3.035940408706665;8.229122161865234;5.059102535247803
1541769429833;3.035940408706665;8.229122161865234;5.059102535247803
1541769429900;2.638490915298462;8.51404094696045;4.546727657318115
1541769429952;2.98087215423584;7.130150318145752;3.847599506378174
1541769429952;2.98087215423584;7.130150318145752;3.847599506378174
1541769430018;3.505218267440796;7.340846538543701;4.8172807693481445
1541769430018;3.505218267440796;7.340846538543701;4.8172807693481445
1541769430073;3.102980136871338;7.343240737915039;4.582642078399658
1541769430073;3.102980136871338;7.343240737915039;4.582642078399658
1541769430138;2.882706880569458;7.582668304443359;7.539571285247803
1541769430205;2.391880512237549;7.180429935455322;7.802941799163818
1541769430205;2.391880512237549;7.180429935455322;7.802941799163818
1541769430259;3.253819465637207;6.584255695343018;6.450176239013672
1541769430259;3.253819465637207;6.584255695343018;6.450176239013672
1541769430259;3.253819465637207;6.584255695343018;6.450176239013672
1541769430327;4.115758419036865;7.745479106903076;7.786181449890137
1541769430327;4.115758419036865;7.745479106903076;7.786181449890137
1541769430372;2.6480679512023926;6.945791244506836;3.2035396099090576
1541769430372;2.6480679512023926;6.945791244506836;3.2035396099090576
1541769430372;2.6480679512023926;6.945791244506836;3.2035396099090576
1541769430433;1.5155760049819946;8.772623062133789;2.6217308044433594
1541769430433;1.5155760049819946;8.772623062133789;2.6217308044433594
1541769430433;1.5155760049819946;8.772623062133789;2.6217308044433594
1541769430492;5.403878211975098;9.378374099731445;1.9896423816680908
1541769430492;5.403878211975098;9.378374099731445;1.9896423816680908
1541769430552;2.8659470081329346;9.450202941894531;2.5546913146972656
1541769430552;2.8659470081329346;9.450202941894531;2.5546913146972656
1541769430615;2.5594797134399414;9.153312683105469;1.5107873678207397
1541769430615;2.5594797134399414;9.153312683105469;1.5107873678207397
1541769430673;0.9624984860420227;8.238699913024902;-0.4549122154712677
1541769430673;0.9624984860420227;8.238699913024902;-0.4549122154712677
1541769430673;0.9624984860420227;8.238699913024902;-0.4549122154712677
1541769430734;2.0566821098327637;9.950606346130371;1.3264282941818237
1541769430734;2.0566821098327637;9.950606346130371;1.3264282941818237
1541769430734;2.0566821098327637;9.950606346130371;1.3264282941818237
1541769430734;2.0566821098327637;9.950606346130371;1.3264282941818237
1541769430798;1.58022141456604;10.503684043884277;1.7789461612701416
1541769430798;1.58022141456604;10.503684043884277;1.7789461612701416
1541769430852;2.6528565883636475;10.089473724365234;0.12210801243782043
1541769430852;2.6528565883636475;10.089473724365234;0.12210801243782043
1541769430852;2.6528565883636475;10.089473724365234;0.12210801243782043
1541769430912;1.5778270959854126;10.8053617477417;1.211503028869629
1541769430912;1.5778270959854126;10.8053617477417;1.211503028869629
1541769430912;1.5778270959854126;10.8053617477417;1.211503028869629
1541769430912;1.5778270959854126;10.8053617477417;1.211503028869629
1541769430973;1.412622094154358;10.065531730651855;1.4341706037521362
1541769430973;1.412622094154358;10.065531730651855;1.4341706037521362
1541769431032;2.1907615661621094;10.501289367675781;1.1348862648010254
1541769431032;2.1907615661621094;10.501289367675781;1.1348862648010254
1541769431032;2.1907615661621094;10.501289367675781;1.1348862648010254
1541769431092;2.2554068565368652;10.11102294921875;0.4788549542427063
1541769431092;2.2554068565368652;10.11102294921875;0.4788549542427063
1541769431092;2.2554068565368652;10.11102294921875;0.4788549542427063
1541769431152;0.5339232683181763;10.345661163330078;1.6831752061843872
1541769431152;0.5339232683181763;10.345661163330078;1.6831752061843872
1541769431152;0.5339232683181763;10.345661163330078;1.6831752061843872
1541769431214;0.2657645046710968;9.44301986694336;0.5387118458747864
1541769431214;0.2657645046710968;9.44301986694336;0.5387118458747864
1541769431214;0.2657645046710968;9.44301986694336;0.5387118458747864
1541769431272;0.7829278707504272;8.899519920349121;-0.8810931444168091
1541769431272;0.7829278707504272;8.899519920349121;-0.8810931444168091
1541769431272;0.7829278707504272;8.899519920349121;-0.8810931444168091
1541769431332;3.0311520099639893;9.16288948059082;-0.29928433895111084
1541769431332;3.0311520099639893;9.16288948059082;-0.29928433895111084
1541769431332;3.0311520099639893;9.16288948059082;-0.29928433895111084
1541769431332;3.0311520099639893;9.16288948059082;-0.29928433895111084
1541769431392;3.069460391998291;9.316123008728027;-2.609759569168091
1541769431392;3.069460391998291;9.316123008728027;-2.609759569168091
1541769431454;2.791724443435669;9.99130916595459;-1.2210801839828491
1541769431454;2.791724443435669;9.99130916595459;-1.2210801839828491
1541769431454;2.791724443435669;9.99130916595459;-1.2210801839828491
1541769431515;1.673598051071167;8.885153770446777;-2.4038519859313965
1541769431515;1.673598051071167;8.885153770446777;-2.4038519859313965
1541769431515;1.673598051071167;8.885153770446777;-2.4038519859313965
1541769431515;1.673598051071167;8.885153770446777;-2.4038519859313965
1541769431572;2.444554567337036;8.73192024230957;-2.1165390014648438
1541769431572;2.444554567337036;8.73192024230957;-2.1165390014648438
1541769431644;3.6656346321105957;8.509252548217773;-1.8196488618850708
1541769431644;3.6656346321105957;8.509252548217773;-1.8196488618850708
1541769431692;7.084659099578857;8.004060745239258;-4.491659641265869
1541769431692;7.084659099578857;8.004060745239258;-4.491659641265869
1541769431754;5.238673210144043;6.557918548583984;-6.26102876663208
1541769431754;5.238673210144043;6.557918548583984;-6.26102876663208
1541769431754;5.238673210144043;6.557918548583984;-6.26102876663208
1541769431754;5.238673210144043;6.557918548583984;-6.26102876663208
1541769431820;3.5866236686706543;10.175667762756348;-5.509226322174072
1541769431820;3.5866236686706543;10.175667762756348;-5.509226322174072
1541769431871;4.178009510040283;13.81496524810791;-5.715134143829346
1541769431871;4.178009510040283;13.81496524810791;-5.715134143829346
1541769431871;4.178009510040283;13.81496524810791;-5.715134143829346
1541769431947;9.794978141784668;7.465348720550537;-4.867560863494873
1541769431993;3.5531039237976074;-6.368771076202393;16.103893280029297
1541769431993;3.5531039237976074;-6.368771076202393;16.103893280029297
1541769432053;-12.344881057739258;5.786962032318115;27.95555305480957
1541769432053;-12.344881057739258;5.786962032318115;27.95555305480957
1541769432053;-12.344881057739258;5.786962032318115;27.95555305480957
1541769432112;1.6783866882324219;9.117398262023926;16.5013427734375
1541769432112;1.6783866882324219;9.117398262023926;16.5013427734375
1541769432172;4.992063045501709;0.9888355135917664;1.5275473594665527
1541769432172;4.992063045501709;0.9888355135917664;1.5275473594665527
1541769432172;4.992063045501709;0.9888355135917664;1.5275473594665527
1541769432232;7.609005451202393;6.280182838439941;4.359974384307861
1541769432232;7.609005451202393;6.280182838439941;4.359974384307861
1541769432232;7.609005451202393;6.280182838439941;4.359974384307861
1541769432292;5.839636325836182;7.403097629547119;13.055980682373047